{
  "episodes": 60,
  "avg_return": 73.98110543924798,
  "std_return": 50.89517328183126,
  "min_return": -87.18646256895879,
  "max_return": 123.11259551657182
}