{
  "episodes": 60,
  "avg_return": 75.71737013953043,
  "std_return": 48.099794944572324,
  "min_return": -87.18646256895882,
  "max_return": 123.11259551657182
}