{
  "protocol": {
    "model": "sshleifer/tiny-gpt2",
    "max_steps_per_episode": 16,
    "updates": 14,
    "episodes_per_update": 1,
    "lr": 2e-05,
    "max_new_tokens": 40,
    "temperature": 0.85,
    "top_p": 0.92,
    "eval_seed_base": 9000,
    "eval_seed_count": 8,
    "device": "cpu",
    "load_in_4bit": false
  },
  "baseline_random": {
    "avg_return": 9.235304073225077,
    "std_return": 31.013850957271906,
    "remission_rate": 0.8,
    "failure_rate": 0.25,
    "episodes": 20
  },
  "baseline_untrained_llm": {
    "mean_return": -24.850319621340525,
    "std_return": 21.814222874295247,
    "parse_ok_rate": 1.0,
    "eval_episodes": 8
  },
  "training": {
    "update_index": [
      1,
      2,
      3,
      4,
      5,
      6,
      7,
      8,
      9,
      10,
      11,
      12,
      13,
      14
    ],
    "train_mean_episode_return": [
      -34.90222441470799,
      -31.90684949302975,
      -17.51102297165222,
      -8.641207345880042,
      -6.595142340093005,
      -41.89758366284396,
      -30.706699709224647,
      -24.30716888316504,
      40.416439951072554,
      -47.770016125559664,
      -8.059875886054774,
      57.46002687399309,
      6.037757040893795,
      -27.550335553263267
    ],
    "eval_at_update": [
      0,
      4,
      8,
      12,
      14
    ],
    "eval_llm_mean_return": [
      -24.850319621340525,
      -24.850319621340525,
      -24.850319621340525,
      -24.850319621340525,
      -24.850319621340525
    ],
    "eval_llm_std_return": [
      21.814222874295247,
      21.814222874295247,
      21.814222874295247,
      21.814222874295247,
      21.814222874295247
    ],
    "eval_llm_parse_ok": [
      1.0,
      1.0,
      1.0,
      1.0,
      1.0
    ]
  },
  "final_eval": {
    "random": {
      "avg_return": 6.446616813667954,
      "std_return": 30.810652412939316,
      "episodes": 20
    },
    "llm": {
      "mean_return": -24.850319621340525,
      "std_return": 21.814222874295247,
      "parse_ok_rate": 1.0,
      "eval_episodes": 8
    }
  }
}