{
  "protocol": {
    "model": "sshleifer/tiny-gpt2",
    "max_steps_per_episode": 16,
    "updates": 14,
    "episodes_per_update": 1,
    "lr": 2e-05,
    "max_new_tokens": 40,
    "temperature": 0.85,
    "top_p": 0.92,
    "eval_seed_base": 9000,
    "eval_seed_count": 8,
    "device": "cpu",
    "load_in_4bit": false
  },
  "baseline_random": {
    "avg_return": 9.609368240710563,
    "std_return": 30.674169170592563,
    "remission_rate": 0.8,
    "failure_rate": 0.25,
    "episodes": 20
  },
  "baseline_rule": {
    "avg_return": 5.52590210516247,
    "std_return": 35.7188781230123,
    "remission_rate": 0.45,
    "failure_rate": 0.15,
    "episodes": 20
  },
  "baseline_untrained_llm": {
    "mean_return": -36.21924147175967,
    "std_return": 23.308190609996682,
    "parse_ok_rate": 1.0,
    "eval_episodes": 8
  },
  "training": {
    "update_index": [
      1,
      2,
      3,
      4,
      5,
      6,
      7,
      8,
      9,
      10,
      11,
      12,
      13,
      14
    ],
    "train_mean_episode_return": [
      -44.50747276483514,
      -42.92286410117293,
      -27.757404035137668,
      -19.979974465594072,
      -17.175400847914663,
      -52.49900079261127,
      -40.79138535323813,
      -33.5702729210966,
      28.97764143496306,
      -58.58153421321833,
      -18.963911300755782,
      46.22500677186846,
      -5.024114275623428,
      -37.51377002841727
    ],
    "eval_at_update": [
      0,
      4,
      8,
      12,
      14
    ],
    "eval_llm_mean_return": [
      -36.21924147175967,
      -36.21924147175967,
      -36.21924147175967,
      -36.21924147175967,
      -36.21924147175967
    ],
    "eval_llm_std_return": [
      23.308190609996682,
      23.308190609996682,
      23.308190609996682,
      23.308190609996682,
      23.308190609996682
    ],
    "eval_llm_parse_ok": [
      1.0,
      1.0,
      1.0,
      1.0,
      1.0
    ]
  },
  "final_eval": {
    "random": {
      "avg_return": 8.453226967491693,
      "std_return": 29.58051643696966,
      "episodes": 20
    },
    "llm": {
      "mean_return": -36.21924147175967,
      "std_return": 23.308190609996682,
      "parse_ok_rate": 1.0,
      "eval_episodes": 8
    }
  }
}